dt,j1,j2,j3,j4,j5,j6,gripper_m
0.0,0.0,0.523075,-0.523232,0.063705,0.209649,0.155928,0.0
0.0502,0.0,0.523075,-0.523232,0.063705,0.209649,0.155928,0.0
0.1005,0.0,0.523075,-0.523232,0.063705,0.209649,0.155928,0.0
0.1508,0.0,0.523075,-0.523232,0.063705,0.209649,0.155928,0.0
0.2012,0.0,0.523075,-0.523232,0.063705,0.209649,0.155928,0.0
0.2515,0.0,0.523075,-0.523232,0.063705,0.209649,0.155928,0.0
0.302,0.0,0.523075,-0.523232,0.063705,0.209649,0.155928,0.0
0.3522,0.0,0.523075,-0.523232,0.063705,0.209649,0.155928,0.0
0.4027,0.0,0.523075,-0.523232,0.063705,0.209649,0.155928,0.0
0.453,0.0,0.523075,-0.523232,0.063705,0.209649,0.155928,0.0
0.5035,0.0,0.523075,-0.523232,0.063705,0.209649,0.155928,0.0
0.554,0.0,0.523075,-0.523232,0.063705,0.209649,0.155928,0.0
0.6041,0.0,0.523075,-0.523232,0.063705,0.209649,0.155928,0.0
0.6544,0.0,0.523075,-0.523232,0.063705,0.209649,0.155928,0.0
0.7047,0.0,0.523075,-0.523232,0.063705,0.209649,0.155928,0.0
0.755,0.0,0.523075,-0.523232,0.063705,0.209649,0.155928,0.0
0.8053,0.0,0.523075,-0.523232,0.063705,0.209649,0.155928,0.0
0.8557,0.0,0.523075,-0.523232,0.063705,0.209649,0.155928,0.0
0.9062,0.0,0.523075,-0.523232,0.063705,0.209649,0.155928,0.0
0.9566,0.0,0.523075,-0.523232,0.063705,0.209649,0.155928,0.0
1.007,0.0,0.523075,-0.523232,0.063705,0.209649,0.155928,0.0
1.0573,0.0,0.523075,-0.523232,0.063705,0.209649,0.155928,0.0
1.1076,0.0,0.523075,-0.523232,0.063705,0.209649,0.155928,0.0
1.158,0.0,0.523075,-0.523232,0.063705,0.209649,0.155928,0.0
1.2083,0.0,0.523075,-0.523232,0.063705,0.209649,0.155928,0.0
1.2585,0.0,0.523075,-0.523232,0.063705,0.209649,0.155928,0.0
1.309,0.0,0.523075,-0.523232,0.063705,0.209649,0.155928,0.0
1.3592,0.0,0.523075,-0.523232,0.063705,0.209649,0.155928,0.0
1.4096,0.0,0.523075,-0.523232,0.063705,0.209649,0.155928,0.0
1.4598,0.0,0.523075,-0.523232,0.063705,0.209649,0.155928,0.0
1.5102,0.0,0.523075,-0.523232,0.063705,0.209649,0.155928,0.0
1.5605,0.0,0.523075,-0.523232,0.063705,0.209649,0.155928,0.0
1.6108,0.0,0.523075,-0.523232,0.063705,0.209649,0.155928,0.0
1.6613,0.0,0.523075,-0.523232,0.063705,0.209649,0.155928,0.0
1.7116,0.0,0.523075,-0.523232,0.063705,0.209649,0.155928,0.0
1.7619,0.0,0.523075,-0.523232,0.063705,0.209649,0.155928,0.0
1.8123,0.0,0.523075,-0.523232,0.063705,0.209649,0.155928,0.0
1.8626,0.0,0.523075,-0.523232,0.063705,0.209649,0.155928,0.0
1.913,0.0,0.523075,-0.523232,0.063705,0.209649,0.155928,0.0
1.9633,0.0,0.523075,-0.523232,0.063705,0.209649,0.155928,0.0
2.0137,0.0,0.523075,-0.523232,0.063705,0.209649,0.155928,0.0
2.064,0.0,0.523075,-0.523232,0.063705,0.209649,0.155928,0.0
2.1144,0.0,0.523075,-0.523232,0.063705,0.209649,0.155928,0.0
2.1646,0.0,0.523075,-0.523232,0.063705,0.209649,0.155928,0.0
2.2148,0.0,0.523075,-0.523232,0.063705,0.209649,0.155928,0.0
2.2651,0.0,0.523075,-0.523232,0.063705,0.209649,0.155928,0.0
2.3155,0.0,0.523075,-0.523232,0.063705,0.209649,0.155928,0.0
2.3658,0.0,0.523075,-0.523232,0.063705,0.209649,0.155928,0.0
2.4161,0.0,0.523075,-0.523232,0.063705,0.209649,0.155928,0.0
2.4664,0.0,0.523075,-0.523232,0.063705,0.209649,0.155928,0.0
2.5169,0.0,0.523075,-0.523232,0.063705,0.209649,0.155928,0.0
2.5673,0.0,0.523075,-0.523232,0.063705,0.209649,0.155928,0.0
2.6176,0.0,0.523075,-0.523232,0.063705,0.209649,0.155928,0.0
2.668,0.0,0.523075,-0.523232,0.063705,0.209649,0.155928,0.0
2.7182,0.0,0.523075,-0.523232,0.063705,0.209649,0.155928,0.0
2.7684,0.0,0.523075,-0.523232,0.063705,0.209649,0.155928,0.0
2.8188,0.0,0.523075,-0.523232,0.063705,0.209649,0.155928,0.0
2.8691,0.0,0.523075,-0.523232,0.063705,0.209649,0.155928,0.0
2.9194,0.0,0.523075,-0.523232,0.063705,0.209649,0.155928,0.0
2.9696,0.0,0.523075,-0.523232,0.063705,0.209649,0.155928,0.0
3.0199,0.0,0.523075,-0.523232,0.063705,0.209649,0.155928,0.0
3.0702,0.0,0.523075,-0.523232,0.063705,0.209649,0.155928,0.0
3.1207,0.0,0.523075,-0.523232,0.063705,0.209649,0.155928,0.0
3.1712,0.0,0.523075,-0.523232,0.063705,0.209649,0.155928,0.0
3.2216,0.0,0.523075,-0.523232,0.063705,0.209649,0.155928,0.0
3.272,0.0,0.523075,-0.523232,0.063705,0.209649,0.155928,0.0
3.3224,0.0,0.523075,-0.523232,0.063705,0.209649,0.155928,0.0
3.3727,0.0,0.523075,-0.523232,0.063705,0.209649,0.155928,0.0
3.4232,0.0,0.523075,-0.523232,0.063705,0.209649,0.155928,0.0
3.4735,0.0,0.523075,-0.523232,0.063705,0.209649,0.155928,0.0
3.5238,0.0,0.523075,-0.523232,0.063705,0.209649,0.155928,0.0
3.5741,0.0,0.523075,-0.523232,0.063705,0.209649,0.155928,0.0
3.6246,0.0,0.523075,-0.523232,0.063705,0.209649,0.155928,0.0
3.675,0.0,0.523075,-0.523232,0.063705,0.209649,0.155928,0.0
3.7253,0.0,0.523075,-0.523232,0.063705,0.209649,0.155928,0.0
3.7758,0.0,0.523075,-0.523232,0.063705,0.209649,0.155928,0.0
3.826,0.0,0.523075,-0.523232,0.063705,0.209649,0.155928,0.0
3.8762,0.0,0.523075,-0.523232,0.063705,0.209649,0.155928,0.0
3.9268,0.0,0.523075,-0.523232,0.063705,0.209649,0.155928,0.0
3.9771,0.0,0.523075,-0.523232,0.063705,0.209649,0.155928,0.0
4.0272,0.0,0.523075,-0.523232,0.063705,0.207869,0.155928,0.0
4.0777,0.0,0.523075,-0.523232,0.063705,0.207869,0.155928,0.0
4.1282,0.0,0.523075,-0.523232,0.063705,0.207869,0.155928,0.0
4.1789,0.0,0.523075,-0.523232,0.063705,0.207869,0.155928,0.0
4.2292,0.0,0.523075,-0.523232,0.063705,0.207869,0.155928,0.0
4.2795,0.0,0.523075,-0.523232,0.063705,0.207869,0.155928,0.0
4.3298,0.0,0.523075,-0.523232,0.063705,0.207869,0.155928,0.0
4.3801,0.0,0.523075,-0.523232,0.063705,0.207869,0.155928,0.0
4.4306,0.0,0.523075,-0.523232,0.063705,0.207869,0.155928,0.0
4.4808,0.0,0.523075,-0.523232,0.063705,0.207869,0.155928,0.0
4.5312,0.0,0.523075,-0.523232,0.063705,0.207869,0.155928,0.0
4.5816,0.0,0.523075,-0.523232,0.063705,0.207869,0.155928,0.0
4.6321,0.0,0.523075,-0.523232,0.063705,0.207869,0.155928,0.0
4.6824,0.0,0.523075,-0.523232,0.063705,0.207869,0.155928,0.0
4.7327,0.0,0.523075,-0.523232,0.063705,0.207869,0.155928,0.0
4.7831,0.0,0.523075,-0.523232,0.063705,0.207869,0.155928,0.0
4.8333,0.0,0.523075,-0.523232,0.063705,0.207869,0.155928,0.0
4.8838,0.0,0.523075,-0.523232,0.063705,0.207869,0.155928,0.0
4.9343,0.0,0.523075,-0.523232,0.063705,0.207869,0.155928,0.0
4.9846,0.0,0.523075,-0.523232,0.063705,0.207869,0.155928,0.0
5.0351,0.0,0.523075,-0.523232,0.063705,0.207869,0.155928,0.0
5.0852,0.0,0.523075,-0.523232,0.063705,0.207869,0.155928,0.0
5.1356,0.0,0.523075,-0.523232,0.063705,0.207869,0.155928,0.0
5.1864,0.0,0.523075,-0.523232,0.063705,0.207869,0.155928,0.0
5.2367,0.0,0.523075,-0.523232,0.063705,0.207869,0.155928,0.0
5.2871,0.0,0.523075,-0.523232,0.063705,0.207869,0.155928,0.0
5.3374,0.0,0.523075,-0.523232,0.063705,0.209649,0.155928,0.0
5.3878,0.0,0.523075,-0.523232,0.063705,0.209649,0.155928,0.0
5.438,0.0,0.523075,-0.523232,0.063705,0.209649,0.155928,0.0
5.4883,0.0,0.523075,-0.523232,0.063705,0.209649,0.155928,0.0
5.5387,0.0,0.523075,-0.523232,0.063705,0.209649,0.155928,0.0
5.5892,0.0,0.523075,-0.523232,0.063705,0.209649,0.155928,0.0
5.6397,0.0,0.523075,-0.523232,0.063705,0.209649,0.155928,0.0
5.6901,0.0,0.523075,-0.523232,0.063705,0.209649,0.155928,0.0
5.7403,0.0,0.523075,-0.523232,0.063705,0.209649,0.155928,0.0
5.7907,0.0,0.523075,-0.523232,0.063705,0.209649,0.155928,0.0
5.841,0.0,0.523075,-0.523232,0.063705,0.209649,0.155928,0.0
5.8913,0.0,0.523075,-0.523232,0.063705,0.209649,0.155928,0.0
5.9418,0.0,0.523075,-0.523232,0.063705,0.209649,0.155928,0.0
5.9922,0.0,0.523075,-0.523232,0.063705,0.209649,0.155928,0.0
6.0427,0.0,0.523075,-0.523232,0.063705,0.209649,0.155928,0.0
6.093,0.0,0.523075,-0.523232,0.063705,0.209649,0.155928,0.0
6.1433,0.0,0.523075,-0.523232,0.063705,0.209649,0.155928,0.0
6.1936,0.0,0.523075,-0.523232,0.063705,0.209649,0.155928,0.0
6.2437,0.0,0.523075,-0.523232,0.063705,0.209649,0.155928,0.0
6.294,0.0,0.523075,-0.523232,0.063705,0.209649,0.155928,0.0
6.3443,0.0,0.523075,-0.523232,0.063705,0.209649,0.155928,0.0
6.3946,0.0,0.523075,-0.523232,0.063705,0.209649,0.155928,0.0
6.4451,0.0,0.523075,-0.523232,0.063705,0.209649,0.155928,0.0
6.4954,0.0,0.523075,-0.523232,0.063705,0.209649,0.155928,0.0
6.5459,0.0,0.523075,-0.523232,0.063705,0.209649,0.155928,0.0
6.5962,0.0,0.523075,-0.523232,0.063705,0.209649,0.155928,0.0
6.6466,0.0,0.523075,-0.523232,0.063705,0.209649,0.155928,0.0
6.697,0.0,0.523075,-0.523232,0.063705,0.209649,0.155928,0.0
6.7473,0.0,0.523075,-0.523232,0.063705,0.209649,0.155928,0.0
6.7976,0.0,0.523075,-0.523232,0.063705,0.209649,0.155928,0.0
6.8479,0.0,0.523075,-0.523232,0.063705,0.209649,0.155928,0.0
6.8982,0.0,0.523075,-0.523232,0.063705,0.209649,0.155928,0.0
6.9485,0.0,0.523075,-0.523232,0.063705,0.209649,0.155928,0.0
6.9988,0.0,0.523075,-0.523232,0.063705,0.209649,0.155928,0.0
7.0491,0.0,0.523075,-0.523232,0.063705,0.209649,0.155928,0.0
7.0995,0.0,0.523075,-0.526601,0.063705,0.205966,0.155928,0.0
7.1497,0.0,0.523075,-0.543356,0.063705,0.205966,0.155928,0.0
7.2,0.0,0.523075,-0.572957,0.063705,0.205966,0.155928,0.0
7.2503,0.0,0.523075,-0.612541,0.067876,0.205966,0.161391,0.0
7.3007,-0.000367,0.523075,-0.662457,0.067876,0.21005,0.181287,0.0
7.3509,-0.000367,0.525449,-0.706021,0.067876,0.228097,0.222041,0.0
7.4013,-0.000367,0.531488,-0.747402,0.067876,0.254574,0.264854,0.0
7.4517,-0.000367,0.541419,-0.78456,0.067876,0.277839,0.28969,0.0
7.5021,-0.000367,0.554212,-0.815767,0.067876,0.294297,0.296078,0.0
7.5525,-0.000367,0.570496,-0.84275,0.067876,0.313705,0.307981,0.0
7.6028,-0.000367,0.589642,-0.867272,0.067876,0.33163,0.312065,0.0
7.653,-0.000367,0.615997,-0.885929,0.067876,0.349258,0.312065,0.0
7.7033,-0.000367,0.642002,-0.903417,0.067876,0.366641,0.312065,0.0
7.7537,-0.000367,0.671271,-0.921132,0.067876,0.387289,0.312065,0.0
7.8039,-0.000367,0.705619,-0.93787,0.067876,0.409891,0.312065,0.0
7.8542,-0.000367,0.736389,-0.95103,0.064752,0.431306,0.312065,0.0
7.9045,-0.000367,0.768713,-0.964696,0.064752,0.454082,0.312065,0.0
7.9548,-0.000367,0.800059,-0.975133,0.064752,0.480053,0.312065,0.0
8.005,-0.000367,0.831161,-0.985256,0.064752,0.513179,0.312065,0.0
8.0555,-0.000367,0.864636,-0.999812,0.064752,0.554526,0.312065,0.0
8.1057,-0.000367,0.8923,-1.012029,0.064752,0.603064,0.312065,0.0
8.1561,-0.000367,0.916961,-1.016951,0.064752,0.650798,0.312065,0.0
8.2065,-0.000367,0.938533,-1.016951,0.064752,0.690993,0.312065,0.0
8.2569,-0.000367,0.958989,-1.016951,0.064752,0.734958,0.312065,0.0
8.3073,-0.000367,0.978624,-1.016951,0.064752,0.785224,0.312065,0.0
8.3576,0.0,0.997525,-1.016951,0.064752,0.828019,0.312065,0.0
8.4079,0.0,1.01922,-1.016951,0.064752,0.870274,0.312065,0.0
8.4581,0.0,1.038628,-1.016951,0.064752,0.912196,0.312065,0.0
8.5084,0.0,1.059293,-1.016951,0.064752,0.950245,0.312065,0.0
8.5589,0.0,1.081563,-1.016951,0.059428,0.982167,0.312065,0.0
8.6092,0.0,1.107394,-1.016951,0.053896,1.010458,0.312065,0.0
8.6596,0.0,1.131968,-1.016951,0.051732,1.029395,0.312065,0.0
8.7098,0.0,1.15649,-1.016951,0.052046,1.042642,0.312065,0.0
8.7602,0.0,1.18185,-1.016951,0.047892,1.049257,0.312065,0.0
8.8105,0.0,1.210491,-1.016951,0.045605,1.056221,0.312065,0.0
8.8608,0.0,1.233075,-1.016951,0.034453,1.064441,0.312065,0.0
8.9112,0.0,1.264334,-1.016951,0.023422,1.073325,0.312065,0.0
8.9616,0.0,1.291456,-1.016951,0.014015,1.082244,0.312065,0.0
9.0121,0.0,1.318945,-1.016951,0.0,1.092157,0.312065,0.0
9.0625,0.0,1.347464,-1.016951,0.0,1.105492,0.312065,0.0
9.1128,0.0,1.37511,-1.016951,0.0,1.114724,0.312065,0.0
9.163,0.0,1.406212,-1.016951,0.0,1.119786,0.312065,0.0
9.2133,0.0,1.431397,-1.016951,0.0,1.126383,0.31032,0.0
9.2638,0.0,1.453353,-1.016951,0.0,1.132265,0.31032,0.0
9.3141,0.0,1.468607,-1.016951,0.0,1.132265,0.303495,0.0
9.3644,0.0,1.482727,-1.016951,0.0,1.132265,0.288835,0.0
9.415,0.0,1.495834,-1.016951,0.0,1.132265,0.274872,0.0
9.4651,0.0,1.5032,-1.016951,0.0,1.132265,0.261398,0.0
9.5155,0.0,1.509553,-1.016951,0.0,1.132265,0.249966,0.0
9.5659,0.0,1.513776,-1.016951,-0.006894,1.132265,0.248168,0.0
9.6162,0.0,1.513776,-1.012116,-0.031364,1.132265,0.235619,0.0
9.6667,0.0,1.513776,-1.00442,-0.059271,1.132265,0.208235,0.0
9.717,0.0,1.513776,-0.987717,-0.091054,1.130362,0.183068,0.0
9.7673,0.0,1.513776,-0.969112,-0.114389,1.125196,0.166365,0.0
9.8176,0.0,1.513776,-0.949285,-0.129608,1.111478,0.158476,0.0
9.8679,0.0,1.513776,-0.92958,-0.133029,1.088021,0.155736,0.0
9.9182,0.0,1.513776,-0.906978,-0.133029,1.052346,0.155736,0.0
9.9684,-0.000367,1.513776,-0.888512,-0.133657,1.01086,0.155736,0.0
10.0189,-0.000367,1.513776,-0.87331,-0.135315,0.968867,0.155736,0.0
10.0691,-0.000367,1.513776,-0.86132,-0.14858,0.933873,0.155736,0.0
10.1193,-0.000367,1.513776,-0.851913,-0.161111,0.909805,0.155736,0.0
10.1696,-0.000367,1.513776,-0.845647,-0.173556,0.90415,0.155736,0.0
10.2199,-0.000367,1.513776,-0.842872,-0.178757,0.90415,0.155736,0.0
10.2704,-0.000367,1.513776,-0.835821,-0.178757,0.90415,0.155736,0.0
10.3207,-0.000367,1.513776,-0.82753,-0.178757,0.90237,0.155736,0.0
10.371,-0.000367,1.513776,-0.818786,-0.178757,0.896907,0.155736,0.0
10.4213,-0.000367,1.513776,-0.802066,-0.180467,0.876801,0.155736,0.0
10.4717,-0.000367,1.513776,-0.785224,-0.189333,0.851616,0.155736,0.0
10.5221,-0.000367,1.513776,-0.76901,-0.204256,0.827042,0.155736,0.0
10.5723,-0.000367,1.513776,-0.748275,-0.214466,0.793496,0.155736,0.0
10.6228,-0.000367,1.513776,-0.732672,-0.223315,0.754174,0.15769,0.0
10.6732,-0.000367,1.513776,-0.720699,-0.225095,0.734644,0.15769,0.0
10.7235,-0.000367,1.513776,-0.72042,-0.225095,0.730752,0.15769,0.0
10.7739,-0.000367,1.513776,-0.72042,-0.225095,0.728378,0.15769,0.0
10.8241,-0.000367,1.513776,-0.72042,-0.225095,0.726615,0.15769,0.0
10.8743,-0.000367,1.513776,-0.72042,-0.225095,0.726615,0.15769,0.0
10.9247,-0.000367,1.513776,-0.72042,-0.225095,0.726615,0.15769,0.0
10.9752,0.0,1.513776,-0.72042,-0.225095,0.726615,0.15769,0.0
11.0255,0.0,1.513776,-0.72042,-0.225095,0.724451,0.15769,0.0
11.0758,0.0,1.513776,-0.72042,-0.225095,0.720646,0.15769,0.0
11.1261,0.0,1.513776,-0.72042,-0.225095,0.720646,0.15769,0.0
11.1765,0.0,1.513776,-0.72042,-0.225095,0.720646,0.15769,0.0
11.2269,0.0,1.513776,-0.72042,-0.225095,0.720646,0.15769,0.0
11.2775,0.0,1.513776,-0.72042,-0.225095,0.720646,0.15769,0.0
11.3277,0.0,1.513776,-0.72042,-0.225095,0.720646,0.15769,0.0
11.3782,0.0,1.513776,-0.72042,-0.225095,0.720646,0.15769,0.0
11.4285,0.0,1.513776,-0.72042,-0.225095,0.720646,0.15769,0.0
11.4786,0.0,1.513776,-0.72042,-0.225095,0.720646,0.15769,0.0
11.529,0.0,1.513776,-0.72042,-0.225095,0.720646,0.15769,0.0
11.5794,0.0,1.513776,-0.72042,-0.225095,0.720646,0.15769,0.0
11.6296,0.0,1.513776,-0.72042,-0.225095,0.720646,0.15769,0.0
11.6798,0.0,1.513776,-0.72042,-0.225095,0.720646,0.15769,0.0
11.7301,0.0,1.513776,-0.72042,-0.225095,0.718081,0.15769,0.0
11.7805,0.0,1.513776,-0.72042,-0.225095,0.704502,0.15769,0.0
11.8308,0.0,1.513776,-0.72042,-0.225095,0.696456,0.15769,0.0
11.8811,0.0,1.513776,-0.72042,-0.225095,0.68649,0.15769,0.0
11.9314,0.0,1.513776,-0.72042,-0.225095,0.682336,0.15769,0.0
11.9819,0.0,1.513776,-0.72042,-0.225095,0.682336,0.15769,0.0
12.0322,0.0,1.513776,-0.72042,-0.225095,0.682336,0.15769,0.0
12.0828,0.0,1.513776,-0.72042,-0.225095,0.682336,0.151006,0.0
12.1331,0.0,1.513776,-0.72042,-0.239337,0.680033,0.128805,0.0
12.1835,0.0,1.513776,-0.72042,-0.23932,0.669212,0.105331,0.0
12.2339,0.0,1.513776,-0.72042,-0.241205,0.653434,0.09053,0.0
12.2845,0.0,1.513776,-0.72042,-0.25974,0.638843,0.09046,0.0
12.3347,0.0,1.513776,-0.72042,-0.272673,0.631129,0.09046,0.0
12.3852,0.0,1.513776,-0.72042,-0.289812,0.631129,0.09046,0.0
12.4354,0.0,1.513776,-0.72042,-0.290144,0.632891,0.09046,0.0
12.486,0.0,1.513776,-0.72042,-0.290144,0.632891,0.09046,0.0
12.5362,0.0,1.513776,-0.72042,-0.290144,0.632891,0.09046,0.0
12.587,0.0,1.513776,-0.72042,-0.290144,0.632891,0.09046,0.0
12.6371,0.0,1.513776,-0.72042,-0.290144,0.632891,0.09046,0.0
12.6877,0.0,1.513776,-0.72042,-0.290144,0.632891,0.09046,0.0
12.738,0.0,1.513776,-0.72042,-0.290144,0.634864,0.09046,0.0
12.7884,0.0,1.513776,-0.72042,-0.290144,0.638721,0.09046,0.0
12.8386,0.0,1.513776,-0.72042,-0.290144,0.640955,0.09046,0.0
12.889,0.0,1.513776,-0.72042,-0.290144,0.640955,0.09046,0.0
12.9393,0.0,1.513776,-0.718639,-0.290144,0.640955,0.09046,0.0
12.9893,0.0,1.513776,-0.710855,-0.290144,0.637132,0.09046,0.0
13.0397,0.0,1.513776,-0.69499,-0.290144,0.627167,0.09046,0.0
13.0902,0.0,1.513776,-0.67998,-0.290144,0.612122,0.09046,0.0
13.1403,-0.000367,1.513776,-0.658775,-0.290144,0.583795,0.092223,0.0
13.1912,-0.000367,1.513776,-0.641496,-0.290144,0.554509,0.092223,0.0
13.2417,-0.000367,1.513776,-0.629086,-0.290144,0.524332,0.092223,0.0
13.2918,-0.000367,1.513776,-0.618684,-0.290144,0.502864,0.092223,0.0
13.3422,-0.000367,1.513776,-0.618545,-0.290144,0.494068,0.092223,0.0
13.3924,-0.000367,1.513776,-0.618545,-0.290144,0.494068,0.092223,0.0
13.4427,-0.002129,1.513776,-0.618545,-0.291871,0.496407,0.092223,0.0
13.4934,-0.002129,1.521351,-0.618545,-0.292308,0.498466,0.092223,0.0
13.5437,-0.002129,1.542941,-0.618545,-0.313444,0.498466,0.092223,0.0
13.5941,-0.002129,1.579279,-0.618545,-0.334562,0.491275,0.092223,0.0
13.6444,-0.002129,1.612911,-0.618545,-0.349799,0.481624,0.092223,0.0
13.6945,-0.002129,1.622842,-0.627463,-0.366746,0.481955,0.092223,0.0
13.7448,-0.002129,1.62532,-0.631652,-0.366746,0.471431,0.092223,0.0
13.7952,-0.002129,1.62532,-0.631652,-0.366746,0.464956,0.092223,0.0
13.8456,-0.002129,1.62532,-0.631652,-0.366746,0.464956,0.092223,0.0
13.8959,-0.002129,1.62532,-0.631652,-0.366746,0.47637,0.092223,0.0
13.9462,-0.002129,1.62532,-0.631652,-0.366746,0.483072,0.092223,0.0
13.9966,-0.002129,1.62532,-0.631652,-0.366746,0.485969,0.092223,0.0
14.0468,-0.002129,1.62532,-0.631652,-0.366746,0.485969,0.092223,0.0
14.0972,-0.002129,1.62532,-0.631652,-0.366746,0.485969,0.092223,0.0
14.1477,-0.002129,1.62532,-0.631652,-0.366746,0.485969,0.092223,0.0
14.198,-0.002129,1.62532,-0.631652,-0.366746,0.485969,0.092223,0.0
14.2483,-0.002129,1.62532,-0.631652,-0.366746,0.485969,0.092223,0.0
14.2989,-0.002129,1.62532,-0.631652,-0.366746,0.485969,0.092223,0.0
14.3491,-0.002129,1.62532,-0.631652,-0.366746,0.483962,0.092223,0.0
14.3994,-0.002129,1.62532,-0.631652,-0.366746,0.483962,0.092223,0.0
14.45,-0.002129,1.62532,-0.631652,-0.366746,0.483962,0.092223,0.0
14.5002,-0.002129,1.62532,-0.631652,-0.366746,0.480524,0.092223,0.0
14.5505,-0.002129,1.62532,-0.631652,-0.366746,0.480524,0.092223,0.0
14.601,-0.002129,1.62532,-0.631652,-0.366746,0.480524,0.092223,0.0
14.6512,-0.002129,1.62532,-0.631652,-0.366746,0.480524,0.092223,0.0
14.7015,-0.002129,1.62532,-0.631652,-0.366746,0.480524,0.092223,0.0
14.752,-0.002129,1.62532,-0.631652,-0.366746,0.480524,0.092223,0.0
14.8027,-0.002129,1.62532,-0.631652,-0.366746,0.480524,0.092223,0.0
14.8528,-0.002129,1.62532,-0.631652,-0.366746,0.480524,0.092223,0.0
14.903,-0.002129,1.62532,-0.631652,-0.366746,0.480524,0.092223,0.0
14.9533,-0.002129,1.62532,-0.631652,-0.366746,0.480524,0.092223,0.0
15.0037,-0.002129,1.62532,-0.631652,-0.380045,0.480524,0.092223,0.0
15.054,-0.002129,1.62532,-0.631652,-0.414708,0.480524,0.092223,0.0
15.1043,-0.002129,1.62532,-0.631652,-0.419699,0.480524,0.092223,0.0
15.1545,-0.002129,1.62532,-0.631652,-0.419699,0.480524,0.092223,0.0
15.2048,-0.002129,1.62532,-0.631652,-0.419699,0.480524,0.092223,0.0
15.2553,-0.002129,1.62532,-0.631652,-0.419699,0.480524,0.092223,0.0
15.3057,-0.002129,1.62532,-0.631652,-0.419699,0.480524,0.092223,0.0
15.356,-0.002129,1.62532,-0.631652,-0.419699,0.480524,0.092223,0.0
15.4063,-0.002129,1.62532,-0.631652,-0.419699,0.480524,0.092223,0.0
15.4568,-0.002129,1.62532,-0.631652,-0.419699,0.480524,0.092223,0.0
15.5075,-0.002129,1.62532,-0.631652,-0.419699,0.480524,0.092223,0.0
15.5579,-0.002129,1.62532,-0.631652,-0.419699,0.482496,0.092223,0.0
15.6084,-0.002129,1.62532,-0.631652,-0.419699,0.482496,0.09999,0.0
15.6587,-0.002129,1.62532,-0.631652,-0.419699,0.484364,0.113167,0.0
15.7091,-0.002129,1.62532,-0.631652,-0.419699,0.484364,0.127706,0.0
15.7593,-0.002129,1.62532,-0.631652,-0.419699,0.484364,0.133867,0.0
15.8096,-0.002129,1.62532,-0.631652,-0.419699,0.48562,0.13905,0.0
15.8599,-0.002129,1.62532,-0.631652,-0.419699,0.48562,0.150552,0.0
15.9103,-0.002129,1.623313,-0.631652,-0.419699,0.488343,0.158406,0.0
15.9604,-0.002129,1.623313,-0.631652,-0.419699,0.488343,0.158406,0.0
16.0109,-0.002129,1.623313,-0.631652,-0.419699,0.488343,0.159191,0.0
16.0613,-0.002129,1.623313,-0.631652,-0.418268,0.488343,0.160972,0.0
16.1115,-0.002129,1.623313,-0.631652,-0.418268,0.488343,0.175109,0.0
16.1619,-0.002129,1.623313,-0.631652,-0.418268,0.488343,0.181549,0.0
16.2124,-0.002129,1.623313,-0.631652,-0.418268,0.488343,0.181549,0.0
16.2627,-0.002129,1.623313,-0.631652,-0.418268,0.488343,0.181549,0.0
16.313,-0.002129,1.623313,-0.631652,-0.418268,0.488343,0.181549,0.0
16.3634,-0.002129,1.623313,-0.629872,-0.418268,0.488343,0.181549,0.0
16.4137,-0.002129,1.623313,-0.629854,-0.418268,0.488343,0.183539,0.0
16.4639,-0.002129,1.621795,-0.629854,-0.418268,0.488343,0.183539,0.0
16.5144,-0.002129,1.621795,-0.629854,-0.418268,0.488343,0.183539,0.0
16.5648,-0.002129,1.621795,-0.629854,-0.418268,0.488343,0.183539,0.0
16.6152,-0.002129,1.621795,-0.629854,-0.418268,0.488343,0.183539,0.0
16.6655,-0.002129,1.621795,-0.629854,-0.418268,0.488343,0.183539,0.0
16.716,-0.002129,1.621795,-0.629854,-0.415947,0.488343,0.191428,0.0
16.7663,-0.002129,1.621795,-0.629854,-0.415947,0.489076,0.203156,0.0
16.8165,-0.002129,1.621795,-0.629854,-0.415947,0.489076,0.203156,0.0
16.8669,-0.002129,1.621167,-0.629854,-0.415947,0.489076,0.203156,0.0
16.9173,-0.002129,1.617449,-0.629854,-0.415947,0.490699,0.204727,0.0
16.9675,-0.002129,1.610188,-0.629854,-0.413242,0.495028,0.204727,0.0
17.0179,-0.002129,1.603207,-0.629854,-0.406609,0.524018,0.204727,0.0
17.0684,0.000785,1.588459,-0.629854,-0.424831,0.698847,0.161408,0.0
17.1187,0.000785,1.562907,-0.629854,-0.433592,0.828892,0.07737,0.0
17.1689,0.000785,1.521508,-0.629854,-0.426017,0.864566,0.048189,0.0
17.2194,0.000785,1.482518,-0.629854,-0.401967,0.855875,0.048189,0.0
17.2697,-0.001326,1.460526,-0.629854,-0.395474,0.847427,0.052622,0.0
17.3201,-0.001326,1.453685,-0.629854,-0.395474,0.847427,0.053302,0.0
17.3704,-0.001326,1.456058,-0.629854,-0.395474,0.842034,0.053302,0.0
17.4208,-0.001326,1.460771,-0.629854,-0.395474,0.832609,0.053302,0.0
17.4712,-0.001326,1.465361,-0.629854,-0.395474,0.828211,0.053302,0.0
17.5214,-0.001326,1.471347,-0.629854,-0.395474,0.826536,0.053302,0.0
17.5717,-0.001326,1.471609,-0.629854,-0.395474,0.826536,0.053302,0.0
17.622,-0.001326,1.471609,-0.629854,-0.395474,0.826536,0.053302,0.0
17.6723,-0.001326,1.471609,-0.629854,-0.397551,0.826536,0.053302,0.0
17.7228,-0.001326,1.471609,-0.629854,-0.398843,0.825925,0.053302,0.0
17.7731,-0.001326,1.471609,-0.629854,-0.403991,0.825925,0.053302,0.0
17.8233,-0.001326,1.471609,-0.629854,-0.406208,0.825925,0.053302,0.0
17.8735,-0.001326,1.471609,-0.629854,-0.406208,0.825925,0.053302,0.0
17.9238,-0.001326,1.471609,-0.629854,-0.406208,0.824232,0.053302,0.0
17.9743,-0.001326,1.471609,-0.629854,-0.406208,0.816709,0.053302,0.0
18.0248,-0.001326,1.471609,-0.629854,-0.406208,0.809222,0.053302,0.0
18.0751,-0.001326,1.471609,-0.629854,-0.406208,0.809222,0.053302,0.0
18.1257,-0.001326,1.471609,-0.629854,-0.408442,0.809222,0.053302,0.0
18.176,-0.001326,1.471609,-0.629854,-0.413643,0.809222,0.053302,0.0
18.2265,-0.001326,1.471609,-0.629854,-0.415441,0.809222,0.048956,0.0
18.2769,-0.001326,1.471609,-0.629854,-0.417361,0.809222,0.048834,0.0
18.3274,-0.001326,1.471609,-0.629854,-0.417361,0.806796,0.048834,0.0
18.3778,-0.001326,1.471609,-0.629854,-0.417361,0.801473,0.048834,0.0
18.4281,-0.001326,1.471609,-0.629854,-0.417361,0.79416,0.048834,0.0
18.4783,-0.001326,1.471609,-0.629854,-0.417361,0.790233,0.048834,0.0
18.5286,-0.001326,1.471609,-0.629854,-0.417361,0.788226,0.048834,0.0
18.5792,-0.001326,1.471609,-0.629854,-0.417361,0.788226,0.048834,0.0
18.6294,-0.001326,1.471609,-0.629854,-0.418931,0.788226,0.048834,0.0
18.6798,-0.001326,1.471609,-0.629854,-0.421113,0.788226,0.048834,0.0
18.7303,-0.001326,1.471609,-0.629854,-0.422771,0.788226,0.048834,0.0
18.7804,-0.001326,1.471609,-0.629854,-0.424865,0.788226,0.048834,0.0
18.8307,-0.001326,1.471609,-0.629854,-0.424865,0.788226,0.048834,0.0
18.881,-0.001326,1.471609,-0.629854,-0.426279,0.788226,0.048834,0.0
18.9314,-0.001326,1.471609,-0.629854,-0.438182,0.788226,0.048834,0.0
18.9817,-0.001326,1.471609,-0.629854,-0.439893,0.788226,0.048834,0.0
19.0321,-0.001326,1.471609,-0.629854,-0.439893,0.792467,0.048834,0.0
19.0824,-0.001326,1.471609,-0.629854,-0.439893,0.797511,0.048834,0.0
19.1327,-0.001326,1.471609,-0.629854,-0.439893,0.808402,0.048834,0.0
19.183,-0.001326,1.471609,-0.629854,-0.439893,0.810461,0.048834,0.0
19.2332,-0.001326,1.471609,-0.629854,-0.439893,0.814667,0.048834,0.0
19.2835,-0.001326,1.471609,-0.629854,-0.439893,0.816779,0.048834,0.0
19.334,-0.001326,1.471609,-0.629854,-0.439893,0.816779,0.048834,0.0
19.3843,-0.001326,1.471609,-0.629854,-0.439893,0.816779,0.048834,0.0
19.4348,-0.001326,1.471609,-0.629854,-0.439893,0.816779,0.048834,0.0
19.485,-0.001326,1.471609,-0.629854,-0.439893,0.816779,0.048834,0.0
19.5356,-0.001326,1.471609,-0.629854,-0.440748,0.816779,0.048834,0.0
19.5858,-0.001326,1.471609,-0.629854,-0.449178,0.814964,0.048834,0.0
19.6365,-0.001326,1.471609,-0.629854,-0.449178,0.814964,0.048834,0.0
19.6869,-0.001326,1.471609,-0.629854,-0.449178,0.816814,0.048834,0.0
19.7372,0.0,1.471609,-0.629854,-0.446944,0.818612,0.046513,0.0
19.7875,0.0,1.471609,-0.629854,-0.446944,0.818612,0.042202,0.0
19.8378,0.0,1.471609,-0.629854,-0.445199,0.818612,0.040527,0.0
19.8881,0.0,1.471609,-0.629854,-0.445199,0.818612,0.040527,0.0
19.9383,0.0,1.471609,-0.629854,-0.443052,0.813934,0.040527,0.0
19.9887,0.0,1.471609,-0.629854,-0.441097,0.800338,0.040527,0.0
20.039,0.0,1.471609,-0.629854,-0.441097,0.784176,0.040527,0.0
20.0893,0.0,1.471609,-0.629854,-0.441097,0.768067,0.040527,0.0
20.1395,0.0,1.471609,-0.629854,-0.441097,0.760859,0.040527,0.0
20.1899,0.0,1.473267,-0.629854,-0.441097,0.758398,0.040527,0.0
20.2402,0.0,1.473267,-0.629854,-0.441097,0.758398,0.040527,0.0
20.2906,0.0,1.473267,-0.629854,-0.441097,0.758398,0.040527,0.0
20.3407,0.0,1.473267,-0.629854,-0.441097,0.758398,0.040527,0.0
20.3912,0.0,1.473267,-0.629854,-0.441097,0.760335,0.040527,0.0
20.4417,0.0,1.473267,-0.629854,-0.441097,0.764245,0.040527,0.0
20.492,0.0,1.473267,-0.629854,-0.441097,0.764245,0.040527,0.0
20.5422,0.0,1.473267,-0.629854,-0.441097,0.764245,0.040527,0.0
20.5926,0.0,1.471121,-0.629854,-0.441097,0.766042,0.040527,0.0
20.643,0.0,1.463127,-0.629854,-0.441097,0.771523,0.040527,0.0
20.6933,0.0,1.450526,-0.629854,-0.441097,0.771558,0.04297,0.0
20.7436,0.0,1.429826,-0.629854,-0.441097,0.772989,0.044349,0.0
20.7939,0.0,1.405915,-0.632036,-0.441097,0.772989,0.047054,0.0
20.8443,0.0,1.356959,-0.647639,-0.438863,0.782675,0.047054,0.0
20.8946,0.0,1.31823,-0.663679,-0.432824,0.797423,0.047054,0.0
20.9448,0.0,1.278,-0.680609,-0.42874,0.808262,0.047054,0.0
20.9952,0.0,1.236513,-0.695322,-0.416174,0.812119,0.047054,0.0
21.0456,0.0,1.188656,-0.709756,-0.409262,0.814388,0.047054,0.0
21.0958,0.0,1.146594,-0.726354,-0.409262,0.814388,0.047054,0.0
21.146,0.0,1.111757,-0.741346,-0.409262,0.814388,0.047054,0.0
21.1963,0.0,1.068909,-0.761662,-0.409262,0.814388,0.047054,0.0
21.2466,0.0,1.033549,-0.78463,-0.418059,0.814388,0.047054,0.0
21.297,0.0,1.000405,-0.805469,-0.421811,0.812608,0.047054,0.0
21.3473,0.0,0.965778,-0.82575,-0.424516,0.812608,0.047054,0.0
21.3975,0.0,0.942146,-0.843849,-0.424516,0.806168,0.047054,0.0
21.4479,0.0,0.913523,-0.858562,-0.424516,0.792257,0.047054,0.0
21.4983,0.0,0.890432,-0.865544,-0.424516,0.772326,0.047054,0.0
21.5488,0.0,0.869698,-0.867411,-0.424516,0.741521,0.047054,0.0
21.5992,0.0,0.849364,-0.867411,-0.424516,0.706125,0.047054,0.0
21.6494,0.0,0.828927,-0.867411,-0.424516,0.661497,0.047054,0.0
21.6998,0.0,0.813079,-0.867411,-0.424516,0.617375,0.047054,0.0
21.75,0.0,0.795539,-0.867411,-0.424516,0.570583,0.047054,0.0
21.8003,0.0,0.779883,-0.867411,-0.424516,0.532099,0.047054,0.0
21.8505,0.0,0.760789,-0.867411,-0.424516,0.491851,0.047054,0.0
21.9008,0.0,0.744715,-0.867411,-0.424516,0.450469,0.047054,0.0
21.9513,0.0,0.727401,-0.867411,-0.424516,0.40729,0.047054,0.0
22.0016,0.0,0.710646,-0.867411,-0.424516,0.36713,0.047054,0.0
22.0517,0.0,0.693594,-0.867411,-0.424516,0.330269,0.047054,0.0
22.1022,0.0,0.673505,-0.867411,-0.424516,0.29435,0.047054,0.0
22.1525,0.0,0.655214,-0.867411,-0.424516,0.266233,0.047054,0.0
22.2028,0.0,0.635125,-0.867411,-0.424516,0.243665,0.047054,0.0
22.253,0.0,0.613413,-0.867411,-0.424516,0.227504,0.047054,0.0
22.3033,0.0,0.590567,-0.867411,-0.424516,0.223263,0.047054,0.0
22.3536,0.0,0.567319,-0.867411,-0.424516,0.223263,0.047054,0.0
22.404,0.0,0.538713,-0.867411,-0.424516,0.222582,0.047054,0.0
22.4543,0.0,0.513738,-0.867411,-0.424516,0.222582,0.047054,0.0
22.5045,0.0,0.488203,-0.867411,-0.424516,0.222582,0.047054,0.0
22.5546,0.0,0.457852,-0.867411,-0.424516,0.222582,0.047054,0.0
22.6049,0.0,0.431742,-0.867411,-0.424516,0.222582,0.047054,0.0
22.6552,0.0,0.405964,-0.867411,-0.424516,0.222582,0.047054,0.0
22.7056,0.0,0.380115,-0.867411,-0.424516,0.222582,0.047054,0.0
22.756,0.0,0.355524,-0.867411,-0.424516,0.222582,0.047054,0.0
22.8063,0.0,0.332625,-0.867411,-0.424516,0.222582,0.047054,0.0
22.8567,0.0,0.308696,-0.867411,-0.424516,0.222582,0.047054,0.0
22.9071,0.002705,0.289393,-0.865631,-0.424516,0.229493,0.047054,0.0
22.9575,0.012043,0.274732,-0.865631,-0.41771,0.245079,0.047054,0.0
23.0079,0.025517,0.261433,-0.865631,-0.405231,0.272341,0.047054,0.0
23.0583,0.046984,0.245306,-0.865631,-0.388912,0.306061,0.047054,0.0
23.1086,0.081559,0.224275,-0.865631,-0.376625,0.352661,0.047054,0.0
23.159,0.110811,0.20546,-0.860831,-0.376939,0.392542,0.047054,0.0
23.2093,0.138562,0.182876,-0.839748,-0.376939,0.422876,0.047054,0.0
23.2598,0.163031,0.157289,-0.81184,-0.376939,0.436559,0.047054,0.0
23.3101,0.186872,0.118351,-0.768992,-0.376939,0.441045,0.047054,0.0
23.3605,0.196384,0.093532,-0.731031,-0.376939,0.441045,0.047054,0.0
23.4106,0.201114,0.051732,-0.683733,-0.376939,0.441045,0.047054,0.0
23.4612,0.201114,0.012828,-0.635527,-0.376939,0.441045,0.047054,0.0
23.5114,0.201114,-0.02056,-0.588054,-0.376939,0.441045,0.047054,0.0
23.5619,0.201114,-0.041818,-0.534996,-0.366537,0.434081,0.047054,0.0
23.6124,0.20162,-0.028414,-0.505535,-0.35699,0.389086,0.047054,0.0
23.6629,0.20162,-0.024208,-0.473002,-0.313356,0.358421,0.047054,0.0
23.7132,0.20162,-0.02632,-0.439509,-0.252165,0.33533,0.047054,0.0
23.7636,0.20162,-0.032952,-0.403538,-0.195215,0.323165,0.047054,0.0
23.8138,0.20162,-0.035378,-0.374687,-0.138405,0.32149,0.047054,0.0
23.8642,0.20162,-0.035378,-0.349502,-0.098768,0.32149,0.047054,0.0
23.9144,0.20162,-0.035378,-0.319814,-0.065886,0.32149,0.047054,0.0
23.9648,0.20162,-0.035378,-0.297055,-0.044454,0.32149,0.047054,0.0
24.0153,0.20162,-0.035378,-0.269828,-0.036303,0.320931,0.047054,0.0
24.0655,0.20162,-0.03358,-0.238482,-0.036303,0.319273,0.047054,0.0
24.1159,0.20162,-0.03358,-0.212127,-0.036303,0.319273,0.047054,0.0
24.1663,0.20162,-0.03358,-0.183504,-0.036303,0.311087,0.047054,0.0
24.2165,0.20162,-0.03358,-0.147358,-0.036303,0.293687,0.047054,0.0
24.2668,0.20162,-0.03358,-0.116815,-0.038258,0.273528,0.047054,0.0
24.3171,0.20162,-0.03358,-0.089658,-0.042237,0.26262,0.047054,0.0
24.3675,0.20162,-0.03358,-0.066846,-0.044942,0.255359,0.047054,0.0
24.4179,0.19902,-0.032673,-0.049567,-0.044942,0.251624,0.047054,0.0
24.4682,0.194639,-0.032673,-0.035587,-0.044942,0.249704,0.047054,0.0
24.5184,0.194918,-0.032673,-0.023422,-0.044942,0.248151,0.047054,0.0
24.5688,0.194918,-0.032673,-0.017907,-0.044942,0.248151,0.047054,0.0
24.619,0.187658,-0.032673,-0.010734,-0.044942,0.248151,0.047054,0.0
24.6692,0.17195,-0.032673,-0.010786,-0.044942,0.250542,0.047054,0.0
24.7195,0.146974,-0.032673,-0.010786,-0.044942,0.250542,0.047054,0.0
24.7698,0.121859,-0.032673,-0.010786,-0.044942,0.250542,0.047054,0.0
24.8201,0.095941,-0.032673,-0.010786,-0.044942,0.250542,0.047054,0.0
24.8705,0.070424,-0.032673,-0.010786,-0.044942,0.250542,0.047054,0.0
24.9208,0.045117,-0.032673,-0.010786,-0.044942,0.250542,0.047054,0.0
24.9712,0.02063,-0.032673,-0.010786,-0.044942,0.250542,0.047054,0.0
25.0214,0.001361,-0.032673,-0.010786,-0.044942,0.250542,0.047054,0.0
25.0719,-0.002531,-0.032673,-0.010786,-0.044942,0.250542,0.047054,0.0
25.1221,-0.002531,-0.032673,-0.010786,-0.044942,0.250542,0.047054,0.0
25.1727,-0.002531,-0.032673,-0.010786,-0.044942,0.250542,0.047054,0.0
25.2231,-0.002531,-0.032673,-0.010786,-0.044942,0.250542,0.047054,0.0
25.2734,-0.002531,-0.032673,-0.010786,-0.044942,0.250542,0.047054,0.0
25.3237,-0.002531,-0.032673,-0.010786,-0.044942,0.250542,0.047054,0.0
25.374,-0.002531,-0.032673,-0.010786,-0.044942,0.250542,0.047054,0.0
25.4244,-0.002531,-0.032673,-0.010786,-0.044942,0.246161,0.047054,0.0
25.4747,-0.002531,-0.032673,-0.010786,-0.044942,0.225828,0.047054,0.0
25.5251,0.0,-0.032673,-0.010786,-0.044942,0.183993,0.047054,0.0
25.5755,0.000873,-0.032673,-0.010786,-0.044942,0.11308,0.047054,0.0
25.6257,0.000873,-0.032673,-0.010786,-0.044942,0.044366,0.047054,0.0
25.6762,0.000873,-0.032673,-0.010786,-0.044942,-0.0207,0.047054,0.0
25.7267,0.000873,-0.032673,-0.010786,-0.044942,-0.069708,0.047054,0.0
25.777,0.000873,-0.032673,-0.010786,-0.044942,-0.117216,0.047054,0.0
25.8275,0.000873,-0.032673,-0.010786,-0.044942,-0.140569,0.047054,0.0
25.8779,0.000873,-0.032673,-0.010786,-0.044942,-0.146695,0.047054,0.0
25.9281,0.000873,-0.032673,-0.010786,-0.044942,-0.146695,0.047054,0.0
25.9785,0.000873,-0.032673,-0.010786,-0.044942,-0.146695,0.047054,0.0
26.0288,0.000873,-0.032673,-0.010786,-0.044942,-0.146695,0.047054,0.0
26.0791,0.000873,-0.032673,-0.010786,-0.04283,-0.146695,0.047054,0.0
26.1294,0.0,-0.032673,-0.010786,-0.039602,-0.146695,0.047054,0.0
26.1799,0.0,-0.032673,-0.010786,-0.038467,-0.146695,0.047054,0.0
26.2303,0.0,-0.032673,-0.010786,-0.038467,-0.146695,0.047054,0.0
26.2806,0.0,-0.032673,-0.010786,-0.038467,-0.146695,0.047054,0.0
26.3309,0.0,-0.032673,-0.010786,-0.038467,-0.146695,0.047054,0.0
26.3813,0.0,-0.032673,-0.010786,-0.038467,-0.146695,0.047054,0.0
26.4317,0.0,-0.032673,-0.010786,-0.038467,-0.146695,0.047054,0.0
26.482,0.0,-0.032673,-0.010786,-0.038467,-0.146695,0.047054,0.0
26.5323,0.0,-0.032673,-0.010786,-0.038467,-0.146695,0.047054,0.0
26.5829,0.0,-0.032673,-0.010786,-0.038467,-0.146695,0.047054,0.0
26.633,0.0,-0.032673,-0.010786,-0.038467,-0.146695,0.047054,0.0
26.6836,0.0,-0.032673,-0.010786,-0.038467,-0.146695,0.047054,0.0
26.7341,0.0,-0.032673,-0.010786,-0.038467,-0.146695,0.047054,0.0
26.7845,0.0,-0.032673,-0.010786,-0.038467,-0.146695,0.047054,0.0
26.8348,0.0,-0.032673,-0.010786,-0.038467,-0.146695,0.047054,0.0
26.8851,0.0,-0.032673,-0.010786,-0.038467,-0.146695,0.047054,0.0
26.9356,0.0,-0.032673,-0.010786,-0.038467,-0.146695,0.047054,0.0
26.9858,0.0,-0.032673,-0.010786,-0.038467,-0.146695,0.047054,0.0
27.0363,0.0,-0.032673,-0.010786,-0.038467,-0.146695,0.047054,0.0
27.0869,0.0,-0.032673,-0.010786,-0.038467,-0.146695,0.047054,0.0
27.1372,0.0,-0.032673,-0.010786,-0.038467,-0.146695,0.047054,0.0
27.1875,0.0,-0.032673,-0.010786,-0.038467,-0.146695,0.047054,0.0
27.2379,0.0,-0.032673,-0.010786,-0.038467,-0.146695,0.047054,0.0
27.2881,0.0,-0.032673,-0.010786,-0.038467,-0.146695,0.047054,0.0
27.3384,0.0,-0.032673,-0.010786,-0.038467,-0.146695,0.047054,0.0
27.3889,0.0,-0.032673,-0.010786,-0.038467,-0.146695,0.047054,0.0
27.4392,0.0,-0.032673,-0.010786,-0.038467,-0.146695,0.047054,0.0
27.4895,0.0,-0.032673,-0.010786,-0.038467,-0.146695,0.047054,0.0
27.5398,0.0,-0.032673,-0.010786,-0.038467,-0.146695,0.047054,0.0
27.59,0.0,-0.032673,-0.010786,-0.038467,-0.146695,0.047054,0.0
27.6405,0.0,-0.032673,-0.010786,-0.038467,-0.146695,0.047054,0.0
27.6907,0.0,-0.032673,-0.010786,-0.038467,-0.146695,0.047054,0.0
27.741,0.0,-0.032673,-0.010786,-0.038467,-0.146695,0.047054,0.0
27.7915,0.0,-0.032673,-0.010786,-0.038467,-0.146695,0.047054,0.0
27.8418,0.0,-0.032673,-0.010786,-0.038467,-0.146695,0.047054,0.0
27.8922,0.0,-0.032673,-0.010786,-0.038467,-0.146695,0.047054,0.0
27.9424,0.0,-0.032673,-0.010786,-0.038467,-0.146695,0.047054,0.0
27.9927,0.0,-0.032673,-0.010786,-0.038467,-0.146695,0.047054,0.0
28.0431,0.0,-0.032673,-0.010786,-0.038467,-0.146695,0.047054,0.0
28.0934,0.0,-0.032673,-0.010786,-0.038467,-0.146695,0.047054,0.0
28.1436,0.0,-0.032673,-0.010786,-0.038467,-0.146695,0.047054,0.0
28.1939,0.0,-0.032673,-0.010786,-0.038467,-0.146695,0.047054,0.0
28.2443,0.0,-0.032673,-0.010786,-0.038467,-0.146695,0.047054,0.0
28.2945,0.0,-0.032673,-0.010786,-0.038467,-0.146695,0.047054,0.0
28.3449,0.0,-0.032673,-0.010786,-0.038467,-0.146695,0.047054,0.0
28.3955,0.0,-0.032673,-0.010786,-0.038467,-0.146695,0.047054,0.0
28.4458,0.0,-0.032673,-0.010786,-0.038467,-0.146695,0.047054,0.0
28.4961,0.0,-0.032673,-0.010786,-0.038467,-0.146695,0.047054,0.0
28.5464,0.0,-0.032673,-0.010786,-0.038467,-0.146695,0.047054,0.0
28.5967,0.0,-0.032673,-0.010786,-0.038467,-0.146695,0.047054,0.0
28.647,0.0,-0.032673,-0.010786,-0.038467,-0.146695,0.047054,0.0
28.6972,0.0,-0.032673,-0.010786,-0.038467,-0.146695,0.047054,0.0
28.7476,0.0,-0.032673,-0.010786,-0.038467,-0.146695,0.047054,0.0
28.7981,0.0,-0.032673,-0.010786,-0.038467,-0.146695,0.047054,0.0
28.8482,0.0,-0.032673,-0.010786,-0.038467,-0.146695,0.047054,0.0
28.8985,0.0,-0.032673,-0.010786,-0.038467,-0.146695,0.047054,0.0
28.9488,0.0,-0.032673,-0.010786,-0.038467,-0.146695,0.047054,0.0
28.9991,0.0,-0.032673,-0.010786,-0.038467,-0.146695,0.047054,0.0
29.0494,0.0,-0.032673,-0.010786,-0.038467,-0.146695,0.047054,0.0
29.0997,0.0,-0.032673,-0.010786,-0.038467,-0.146695,0.047054,0.0
29.15,0.0,-0.032673,-0.010786,-0.038467,-0.146695,0.047054,0.0
29.2001,0.0,-0.032673,-0.010786,-0.038467,-0.146695,0.047054,0.0
29.2505,0.0,-0.032673,-0.010786,-0.038467,-0.146695,0.047054,0.0
29.3008,0.0,-0.032673,-0.010786,-0.038467,-0.146695,0.047054,0.0
29.3512,0.0,-0.032673,-0.010786,-0.038467,-0.146695,0.047054,0.0
29.4014,0.0,-0.032673,-0.010786,-0.038467,-0.146695,0.047054,0.0
29.4519,0.0,-0.032673,-0.010786,-0.038467,-0.146695,0.047054,0.0
29.5023,0.0,-0.032673,-0.010786,-0.038467,-0.146695,0.047054,0.0
29.5525,0.0,-0.032673,-0.010786,-0.038467,-0.146695,0.047054,0.0
29.6031,0.0,-0.032673,-0.010786,-0.038467,-0.146695,0.047054,0.0
29.6533,0.0,-0.032673,-0.010786,-0.038467,-0.146695,0.047054,0.0
29.7035,0.0,-0.032673,-0.010786,-0.038467,-0.146695,0.047054,0.0
29.7538,0.0,-0.032673,-0.010786,-0.038467,-0.146695,0.047054,0.0
29.8041,0.0,-0.032673,-0.010786,-0.038467,-0.146695,0.047054,0.0
29.8544,0.0,-0.032673,-0.010786,-0.038467,-0.146695,0.047054,0.0
29.9047,0.0,-0.032673,-0.010786,-0.038467,-0.146695,0.047054,0.0
29.9552,0.0,-0.032673,-0.010786,-0.038467,-0.146695,0.047054,0.0
30.0055,0.0,-0.032673,-0.010786,-0.038467,-0.146695,0.047054,0.0
30.0558,0.0,-0.032673,-0.010786,-0.038467,-0.146695,0.047054,0.0
30.1065,0.0,-0.032673,-0.010786,-0.038467,-0.146695,0.047054,0.0
30.1568,0.0,-0.032673,-0.010786,-0.038467,-0.146695,0.047054,0.0
30.2071,0.0,-0.032673,-0.010786,-0.038467,-0.146695,0.047054,0.0
30.2575,0.0,-0.032673,-0.010786,-0.038467,-0.146695,0.047054,0.0
30.3078,0.0,-0.032673,-0.010786,-0.038467,-0.146695,0.047054,0.0
30.3583,0.0,-0.032673,-0.010786,-0.038467,-0.146695,0.047054,0.0
30.4085,0.0,-0.032673,-0.010786,-0.038467,-0.146695,0.047054,0.0
30.4588,0.0,-0.032673,-0.010786,-0.038467,-0.146695,0.047054,0.0
30.5091,0.0,-0.032673,-0.010786,-0.038467,-0.146695,0.047054,0.0
30.5594,0.0,-0.032673,-0.010786,-0.038467,-0.146695,0.047054,0.0
30.6098,0.0,-0.032673,-0.010786,-0.038467,-0.146695,0.047054,0.0
30.6601,0.0,-0.032673,-0.010786,-0.038467,-0.146695,0.047054,0.0
30.7104,0.0,-0.032673,-0.010786,-0.038467,-0.146695,0.047054,0.0
30.7607,0.0,-0.032673,-0.010786,-0.038467,-0.146695,0.047054,0.0
30.8111,0.0,-0.032673,-0.010786,-0.038467,-0.146695,0.047054,0.0
30.8614,0.0,-0.032673,-0.010786,-0.038467,-0.146695,0.047054,0.0
30.9119,0.0,-0.032673,-0.010786,-0.038467,-0.146695,0.047054,0.0
30.9622,0.0,-0.032673,-0.010786,-0.038467,-0.146695,0.047054,0.0
31.0125,0.0,-0.032673,-0.010786,-0.038467,-0.146695,0.047054,0.0
31.0628,0.0,-0.032673,-0.010786,-0.038467,-0.146695,0.047054,0.0
31.1131,0.0,-0.032673,-0.010786,-0.038467,-0.146695,0.047054,0.0
31.1633,0.0,-0.032673,-0.010786,-0.038467,-0.146695,0.047054,0.0
31.2137,0.0,-0.032673,-0.010786,-0.038467,-0.146695,0.047054,0.0
31.264,0.0,-0.032673,-0.010786,-0.038467,-0.146695,0.047054,0.0
31.3143,0.0,-0.032673,-0.010786,-0.038467,-0.146695,0.047054,0.0
31.3647,0.0,-0.032673,-0.010786,-0.038467,-0.146695,0.047054,0.0
31.4152,0.0,-0.032673,-0.010786,-0.038467,-0.146695,0.047054,0.0
31.4655,0.0,-0.032673,-0.010786,-0.038467,-0.146695,0.047054,0.0
31.5159,0.0,-0.032673,-0.010786,-0.038467,-0.146695,0.047054,0.0
31.5663,0.0,-0.032673,-0.010786,-0.038467,-0.146695,0.047054,0.0
31.6165,0.0,-0.032673,-0.010786,-0.038467,-0.146695,0.047054,0.0
31.6668,0.0,-0.032673,-0.010786,-0.038467,-0.146695,0.047054,0.0
31.7171,0.0,-0.032673,-0.010786,-0.038467,-0.146695,0.047054,0.0
31.7676,0.0,-0.032673,-0.010786,-0.038467,-0.146695,0.047054,0.0
31.8179,0.0,-0.032673,-0.010786,-0.038467,-0.146695,0.047054,0.0
31.8681,0.0,-0.032673,-0.010786,-0.038467,-0.146695,0.047054,0.0
31.9185,0.0,-0.032673,-0.010786,-0.038467,-0.146695,0.047054,0.0
31.9689,0.0,-0.032673,-0.010786,-0.038467,-0.146695,0.047054,0.0
32.0195,0.0,-0.032673,-0.010786,-0.038467,-0.146695,0.047054,0.0
32.0698,0.0,-0.032673,-0.010786,-0.038467,-0.146695,0.047054,0.0
32.1202,0.0,-0.032673,-0.010786,-0.038467,-0.146695,0.047054,0.0
32.1705,0.0,-0.032673,-0.010786,-0.038467,-0.146695,0.047054,0.0
32.2209,0.0,-0.032673,-0.010786,-0.038467,-0.146695,0.047054,0.0
32.2711,0.0,-0.032673,-0.010786,-0.038467,-0.146695,0.047054,0.0
32.3215,0.0,-0.032673,-0.010786,-0.038467,-0.146695,0.047054,0.0
32.3717,0.0,-0.032673,-0.010786,-0.038467,-0.146695,0.047054,0.0
32.4222,0.0,-0.032673,-0.010786,-0.038467,-0.146695,0.047054,0.0
32.4727,0.0,-0.032673,-0.010786,-0.038467,-0.146695,0.047054,0.0
32.5229,0.0,-0.032673,-0.010786,-0.038467,-0.146695,0.047054,0.0
32.5733,0.0,-0.032673,-0.010786,-0.038467,-0.146695,0.047054,0.0
32.6237,0.0,-0.032673,-0.010786,-0.038467,-0.146695,0.047054,0.0
32.674,0.0,-0.032673,-0.010786,-0.038467,-0.146695,0.047054,0.0
32.7244,0.0,-0.032673,-0.010786,-0.038467,-0.146695,0.047054,0.0
32.7747,0.0,-0.032673,-0.010786,-0.038467,-0.146695,0.047054,0.0
32.825,0.0,-0.032673,-0.010786,-0.038467,-0.146695,0.047054,0.0
32.8754,0.0,-0.032673,-0.010786,-0.038467,-0.146695,0.047054,0.0
32.9257,0.0,-0.032673,-0.010786,-0.038467,-0.146695,0.047054,0.0
32.976,0.0,-0.032673,-0.010786,-0.038467,-0.146695,0.047054,0.0
33.0267,0.0,-0.032673,-0.010786,-0.038467,-0.146695,0.047054,0.0
33.0769,0.0,-0.032673,-0.010786,-0.038467,-0.146695,0.047054,0.0
33.1273,0.0,-0.032673,-0.010786,-0.038467,-0.146695,0.047054,0.0
33.178,0.0,-0.032673,-0.010786,-0.038467,-0.146695,0.047054,0.0
33.2286,0.0,-0.032673,-0.010786,-0.038467,-0.146695,0.047054,0.0
33.2787,0.0,-0.032673,-0.010786,-0.038467,-0.146695,0.047054,0.0
33.3291,0.0,-0.032673,-0.010786,-0.038467,-0.146695,0.047054,0.0
33.3794,0.0,-0.032673,-0.010786,-0.038467,-0.146695,0.047054,0.0
33.4297,0.0,-0.032673,-0.010786,-0.038467,-0.146695,0.047054,0.0
33.4802,0.0,-0.032673,-0.010786,-0.038467,-0.146695,0.047054,0.0
33.5305,0.0,-0.032673,-0.010786,-0.038467,-0.146695,0.047054,0.0
33.5808,0.0,-0.032673,-0.010786,-0.038467,-0.146695,0.047054,0.0
33.631,0.0,-0.032673,-0.010786,-0.038467,-0.146695,0.047054,0.0
33.6815,0.0,-0.032673,-0.010786,-0.038467,-0.146695,0.047054,0.0
33.732,0.0,-0.032673,-0.010786,-0.038467,-0.146695,0.047054,0.0
33.7824,0.0,-0.032673,-0.010786,-0.038467,-0.146695,0.047054,0.0
33.8331,0.0,-0.032673,-0.010786,-0.038467,-0.146695,0.047054,0.0
33.8833,0.0,-0.032673,-0.010786,-0.038467,-0.146695,0.047054,0.0
33.9335,0.0,-0.032673,-0.010786,-0.038467,-0.146695,0.047054,0.0
33.9838,0.0,-0.032673,-0.010786,-0.038467,-0.146695,0.047054,0.0
34.0341,0.0,-0.032673,-0.010786,-0.038467,-0.146695,0.047054,0.0
34.0844,0.0,-0.032673,-0.010786,-0.038467,-0.146695,0.047054,0.0
34.1348,0.0,-0.032673,-0.010786,-0.038467,-0.146695,0.047054,0.0
34.1851,0.0,-0.032673,-0.010786,-0.038467,-0.146695,0.047054,0.0
34.2352,0.0,-0.032673,-0.010786,-0.038467,-0.146695,0.047054,0.0
34.2856,0.0,-0.032673,-0.010786,-0.038467,-0.146695,0.047054,0.0
34.3359,0.0,-0.032673,-0.010786,-0.038467,-0.146695,0.047054,0.0
34.3863,0.0,-0.032673,-0.010786,-0.038467,-0.146695,0.047054,0.0
34.4365,0.0,-0.032673,-0.010786,-0.038467,-0.146695,0.047054,0.0
34.4869,0.0,-0.032673,-0.010786,-0.038467,-0.146695,0.047054,0.0
34.5373,0.0,-0.032673,-0.010786,-0.038467,-0.146695,0.047054,0.0
34.5876,0.0,-0.032673,-0.010786,-0.038467,-0.146695,0.047054,0.0
34.6377,0.0,-0.032673,-0.010786,-0.038467,-0.146695,0.047054,0.0
34.688,0.0,-0.032673,-0.010786,-0.038467,-0.146695,0.047054,0.0
34.7385,0.0,-0.032673,-0.010786,-0.038467,-0.146695,0.047054,0.0
34.7887,0.0,-0.032673,-0.010786,-0.038467,-0.146695,0.047054,0.0
34.8389,0.0,-0.032673,-0.010786,-0.038467,-0.146695,0.047054,0.0
34.8895,0.0,-0.032673,-0.010786,-0.038467,-0.146695,0.047054,0.0
34.9396,0.0,-0.032673,-0.010786,-0.038467,-0.146695,0.047054,0.0
34.9901,0.0,-0.032673,-0.010786,-0.038467,-0.146695,0.047054,0.0
35.0403,0.0,-0.032673,-0.010786,-0.038467,-0.146695,0.047054,0.0
35.0907,0.0,-0.032673,-0.010786,-0.038467,-0.146695,0.047054,0.0
35.1411,0.0,-0.032673,-0.010786,-0.038467,-0.146695,0.047054,0.0
35.1915,0.0,-0.032673,-0.010786,-0.038467,-0.146695,0.047054,0.0
35.2421,0.0,-0.032673,-0.010786,-0.038467,-0.146695,0.047054,0.0
35.2923,0.0,-0.032673,-0.010786,-0.038467,-0.146695,0.047054,0.0
35.3428,0.0,-0.032673,-0.010786,-0.038467,-0.146695,0.047054,0.0
35.393,0.0,-0.032673,-0.010786,-0.038467,-0.146695,0.047054,0.0
35.4434,0.0,-0.032673,-0.010786,-0.038467,-0.146695,0.047054,0.0
35.4939,0.0,-0.032673,-0.010786,-0.038467,-0.146695,0.047054,0.0
35.5439,0.0,-0.032673,-0.010786,-0.038467,-0.146695,0.047054,0.0
35.5943,0.0,-0.032673,-0.010786,-0.038467,-0.146695,0.047054,0.0
35.6446,0.0,-0.032673,-0.010786,-0.038467,-0.146695,0.047054,0.0
35.695,0.0,-0.032673,-0.010786,-0.038467,-0.146695,0.047054,0.0
35.7454,0.0,-0.032673,-0.010786,-0.038467,-0.146695,0.047054,0.0
35.7958,0.0,-0.032673,-0.010786,-0.038467,-0.146695,0.047054,0.0
35.846,0.0,-0.032673,-0.010786,-0.038467,-0.146695,0.047054,0.0
35.8965,0.0,-0.032673,-0.010786,-0.038467,-0.146695,0.047054,0.0
35.9469,0.0,-0.032673,-0.010786,-0.038467,-0.146695,0.047054,0.0
35.9971,0.0,-0.032673,-0.010786,-0.038467,-0.146695,0.047054,0.0
36.0475,0.0,-0.032673,-0.010786,-0.038467,-0.146695,0.047054,0.0
36.0978,0.0,-0.032673,-0.010786,-0.038467,-0.146695,0.047054,0.0
36.1483,0.0,-0.032673,-0.010786,-0.038467,-0.146695,0.047054,0.0
36.1985,0.0,-0.032673,-0.010786,-0.038467,-0.146695,0.047054,0.0
36.2489,0.0,-0.032673,-0.010786,-0.038467,-0.146695,0.047054,0.0
36.2992,0.0,-0.032673,-0.010786,-0.038467,-0.146695,0.047054,0.0
36.3495,0.0,-0.032673,-0.010786,-0.038467,-0.146695,0.047054,0.0
36.3999,0.0,-0.032673,-0.010786,-0.038467,-0.146695,0.047054,0.0
36.4503,0.0,-0.032673,-0.010786,-0.038467,-0.146695,0.047054,0.0
36.5006,0.0,-0.032673,-0.010786,-0.038467,-0.146695,0.047054,0.0
36.5512,0.0,-0.032673,-0.010786,-0.038467,-0.146695,0.047054,0.0
36.6015,0.0,-0.032673,-0.010786,-0.038467,-0.146695,0.047054,0.0
36.652,0.0,-0.032673,-0.010786,-0.038467,-0.146695,0.047054,0.0
36.7023,0.0,-0.032673,-0.010786,-0.038467,-0.146695,0.047054,0.0
36.7528,0.0,-0.032673,-0.010786,-0.038467,-0.146695,0.047054,0.0
36.8031,0.0,-0.032673,-0.010786,-0.038467,-0.146695,0.047054,0.0
36.8534,0.0,-0.032673,-0.010786,-0.038467,-0.146695,0.047054,0.0
36.9037,0.0,-0.032673,-0.010786,-0.038467,-0.146695,0.047054,0.0
36.9542,0.0,-0.032673,-0.010786,-0.038467,-0.146695,0.047054,0.0
37.0044,0.0,-0.032673,-0.010786,-0.038467,-0.146695,0.047054,0.0
37.0549,0.0,-0.032673,-0.010786,-0.038467,-0.146695,0.047054,0.0
37.1052,0.0,-0.032673,-0.010786,-0.038467,-0.146695,0.047054,0.0
37.1555,0.0,-0.032673,-0.010786,-0.038467,-0.146695,0.047054,0.0
37.2059,0.0,-0.032673,-0.010786,-0.038467,-0.146695,0.047054,0.0
37.256,0.0,-0.032673,-0.010786,-0.038467,-0.146695,0.047054,0.0
37.3064,0.0,-0.032673,-0.010786,-0.038467,-0.146695,0.047054,0.0
37.3566,0.0,-0.032673,-0.010786,-0.038467,-0.146695,0.047054,0.0
37.4069,0.0,-0.032673,-0.010786,-0.038467,-0.146695,0.047054,0.0
37.4573,0.0,-0.032673,-0.010786,-0.038467,-0.146695,0.047054,0.0
37.5076,0.0,-0.032673,-0.010786,-0.038467,-0.146695,0.047054,0.0
37.558,0.0,-0.032673,-0.010786,-0.038467,-0.146695,0.047054,0.0
37.6083,0.0,-0.032673,-0.010786,-0.038467,-0.146695,0.047054,0.0
37.6586,0.0,-0.032673,-0.010786,-0.038467,-0.146695,0.047054,0.0
37.709,0.0,-0.032673,-0.010786,-0.038467,-0.146695,0.047054,0.0
37.7593,0.0,-0.032673,-0.010786,-0.038467,-0.146695,0.047054,0.0
37.8096,0.0,-0.032673,-0.010786,-0.038467,-0.146695,0.047054,0.0
37.8601,0.0,-0.032673,-0.010786,-0.038467,-0.146695,0.047054,0.0
37.9104,0.0,-0.032673,-0.010786,-0.038467,-0.146695,0.047054,0.0
37.9607,0.0,-0.032673,-0.010786,-0.038467,-0.146695,0.047054,0.0
38.0111,0.0,-0.032673,-0.010786,-0.038467,-0.146695,0.047054,0.0
38.0615,0.0,-0.032673,-0.010786,-0.038467,-0.146695,0.047054,0.0
38.1118,0.0,-0.032673,-0.010786,-0.038467,-0.146695,0.047054,0.0
38.1621,0.0,-0.032673,-0.010786,-0.038467,-0.146695,0.047054,0.0
38.2124,0.0,-0.032673,-0.010786,-0.038467,-0.146695,0.047054,0.0
38.2628,0.0,-0.032673,-0.010786,-0.038467,-0.146695,0.047054,0.0
38.3131,0.0,-0.032673,-0.010786,-0.038467,-0.146695,0.047054,0.0
38.3633,0.0,-0.032673,-0.010786,-0.038467,-0.146695,0.047054,0.0
38.4136,0.0,-0.032673,-0.010786,-0.038467,-0.146695,0.047054,0.0
38.4639,0.0,-0.032673,-0.010786,-0.038467,-0.146695,0.047054,0.0
38.5142,0.0,-0.032673,-0.010786,-0.038467,-0.146695,0.047054,0.0
38.5647,0.0,-0.032673,-0.010786,-0.038467,-0.146695,0.047054,0.0
38.6149,0.0,-0.032673,-0.010786,-0.038467,-0.146695,0.047054,0.0
38.6654,0.0,-0.032673,-0.010786,-0.038467,-0.146695,0.047054,0.0
38.7158,0.0,-0.032673,-0.010786,-0.038467,-0.146695,0.047054,0.0
38.766,0.0,-0.032673,-0.010786,-0.038467,-0.146695,0.047054,0.0
38.8164,0.0,-0.032673,-0.010786,-0.038467,-0.146695,0.047054,0.0
